timestep,body_id,id,x,y,z
0.0,1.0,1.0,18.8657,-8.87395,10.9821
0.0,1.0,2.0,18.2959,-8.30641,11.5765
0.0,1.0,3.0,17.3195,-8.50185,11.6683
0.0,1.0,4.0,16.9129,-9.26484,11.1658
0.0,1.0,5.0,17.4826,-9.83238,10.5715
0.0,1.0,6.0,18.4591,-9.63694,10.4796
0.0,1.0,7.0,17.8893,-9.0694,11.074
0.0,2.0,8.0,16.1481,-9.84777,12.309
0.0,2.0,9.0,15.8989,-10.4115,13.0965
0.0,2.0,10.0,15.6774,-11.3783,12.9693
0.0,2.0,11.0,15.7051,-11.7814,12.0546
0.0,2.0,12.0,15.9543,-11.2177,11.2671
0.0,2.0,13.0,16.1758,-10.2509,11.3943
0.0,2.0,14.0,15.9266,-10.8146,12.1818
10000.0,1.0,1.0,18.8188,-8.8476,11.1012
10000.0,1.0,2.0,18.216,-8.19765,11.5641
10000.0,1.0,3.0,17.2291,-8.35755,11.5836
10000.0,1.0,4.0,16.8449,-9.1674,11.1403
10000.0,1.0,5.0,17.4477,-9.81735,10.6774
10000.0,1.0,6.0,18.4346,-9.65745,10.6579
10000.0,1.0,7.0,17.8318,-9.0075,11.1207
10000.0,2.0,8.0,16.0613,-9.94547,12.1711
10000.0,2.0,9.0,15.834,-10.4435,13.0079
10000.0,2.0,10.0,15.6142,-11.4181,12.9657
10000.0,2.0,11.0,15.6216,-11.8947,12.0867
10000.0,2.0,12.0,15.8489,-11.3967,11.2498
10000.0,2.0,13.0,16.0688,-10.4221,11.292
10000.0,2.0,14.0,15.8415,-10.9201,12.1289
20000.0,1.0,1.0,18.7603,-8.81316,11.2231
20000.0,1.0,2.0,18.1394,-8.09834,11.5447
20000.0,1.0,3.0,17.1501,-8.23419,11.4914
20000.0,1.0,4.0,16.7817,-9.08486,11.1163
20000.0,1.0,5.0,17.4027,-9.79967,10.7946
20000.0,1.0,6.0,18.3919,-9.66382,10.848
20000.0,1.0,7.0,17.771,-8.94901,11.1697
20000.0,2.0,8.0,15.9795,-10.0475,12.0314
20000.0,2.0,9.0,15.7718,-10.4754,12.911
20000.0,2.0,10.0,15.5521,-11.4501,12.9535
20000.0,2.0,11.0,15.5401,-11.9968,12.1162
20000.0,2.0,12.0,15.7478,-11.5689,11.2366
20000.0,2.0,13.0,15.9675,-10.5943,11.1942
20000.0,2.0,14.0,15.7598,-11.0222,12.0738
30000.0,1.0,1.0,18.6922,-8.77077,11.3464
30000.0,1.0,2.0,18.0676,-8.00934,11.5199
30000.0,1.0,3.0,17.0832,-8.13144,11.3936
30000.0,1.0,4.0,16.7233,-9.01496,11.0938
30000.0,1.0,5.0,17.3479,-9.77638,10.9202
30000.0,1.0,6.0,18.3324,-9.65428,11.0465
30000.0,1.0,7.0,17.7078,-8.89286,11.2201
30000.0,2.0,8.0,15.9011,-10.1548,11.8906
30000.0,2.0,9.0,15.7119,-10.5087,12.8066
30000.0,2.0,10.0,15.4913,-11.4759,12.9332
30000.0,2.0,11.0,15.46,-12.0891,12.1439
30000.0,2.0,12.0,15.6493,-11.7351,11.2279
30000.0,2.0,13.0,15.8698,-10.768,11.1013
30000.0,2.0,14.0,15.6806,-11.1219,12.0173
40000.0,1.0,1.0,18.6156,-8.72041,11.47
40000.0,1.0,2.0,18.0017,-7.93138,11.4915
40000.0,1.0,3.0,17.0287,-8.04942,11.293
40000.0,1.0,4.0,16.6697,-8.95648,11.0731
40000.0,1.0,5.0,17.2837,-9.7455,11.0516
40000.0,1.0,6.0,18.2567,-9.62747,11.2501
40000.0,1.0,7.0,17.6427,-8.83844,11.2715
40000.0,2.0,8.0,15.8253,-10.2678,11.7498
40000.0,2.0,9.0,15.654,-10.5445,12.6953
40000.0,2.0,10.0,15.4319,-11.4967,12.9052
40000.0,2.0,11.0,15.3811,-12.1721,12.1696
40000.0,2.0,12.0,15.5523,-11.8954,11.224
40000.0,2.0,13.0,15.7744,-10.9432,11.0141
40000.0,2.0,14.0,15.6032,-11.22,11.9597
50000.0,1.0,1.0,18.5312,-8.66216,11.5928
50000.0,1.0,2.0,17.9419,-7.865,11.4613
50000.0,1.0,3.0,16.9867,-7.98826,11.1923
50000.0,1.0,4.0,16.6208,-8.90868,11.0547
50000.0,1.0,5.0,17.2101,-9.70584,11.1861
50000.0,1.0,6.0,18.1653,-9.58258,11.4552
50000.0,1.0,7.0,17.576,-8.78542,11.3237
50000.0,2.0,8.0,15.7517,-10.3867,11.6097
50000.0,2.0,9.0,15.5982,-10.5837,12.578
50000.0,2.0,10.0,15.3739,-11.5136,12.8696
50000.0,2.0,11.0,15.3031,-12.2464,12.193
50000.0,2.0,12.0,15.4565,-12.0494,11.2246
50000.0,2.0,13.0,15.6808,-11.1196,10.933
50000.0,2.0,14.0,15.5274,-11.3166,11.9013
60000.0,1.0,1.0,18.4393,-8.59607,11.7134
60000.0,1.0,2.0,17.8884,-7.81047,11.4317
60000.0,1.0,3.0,16.957,-7.948,11.0948
60000.0,1.0,4.0,16.5764,-8.87112,11.0395
60000.0,1.0,5.0,17.1274,-9.65672,11.3212
60000.0,1.0,6.0,18.0588,-9.51919,11.6581
60000.0,1.0,7.0,17.5079,-8.7336,11.3764
60000.0,2.0,8.0,15.6799,-10.5116,11.4713
60000.0,2.0,9.0,15.5442,-10.6271,12.4553
60000.0,2.0,10.0,15.3173,-11.5275,12.8265
60000.0,2.0,11.0,15.226,-12.3124,12.2136
60000.0,2.0,12.0,15.3617,-12.1969,11.2296
60000.0,2.0,13.0,15.5887,-11.2965,10.8585
60000.0,2.0,14.0,15.453,-11.412,11.8425
70000.0,1.0,1.0,18.3405,-8.52213,11.8304
70000.0,1.0,2.0,17.8409,-7.76757,11.4049
70000.0,1.0,3.0,16.939,-7.9282,11.004
70000.0,1.0,4.0,16.5367,-8.84339,11.0285
70000.0,1.0,5.0,17.0364,-9.59795,11.4539
70000.0,1.0,6.0,17.9383,-9.43732,11.8549
70000.0,1.0,7.0,17.4386,-8.68276,11.4294
70000.0,2.0,8.0,15.6094,-10.6423,11.3356
70000.0,2.0,9.0,15.4916,-10.6753,12.3281
70000.0,2.0,10.0,15.262,-11.5395,12.7759
70000.0,2.0,11.0,15.1501,-12.3706,12.2311
70000.0,2.0,12.0,15.2678,-12.3375,11.2386
70000.0,2.0,13.0,15.4974,-11.4734,10.7909
70000.0,2.0,14.0,15.3797,-11.5064,11.7834
80000.0,1.0,1.0,18.2355,-8.44032,11.9423
80000.0,1.0,2.0,17.7989,-7.73554,11.3831
80000.0,1.0,3.0,16.932,-7.92793,10.9233
80000.0,1.0,4.0,16.5016,-8.82509,11.0227
80000.0,1.0,5.0,16.9382,-9.52987,11.5819
80000.0,1.0,6.0,17.8051,-9.33748,12.0417
80000.0,1.0,7.0,17.3686,-8.63271,11.4825
80000.0,2.0,8.0,15.5392,-10.7786,11.2032
80000.0,2.0,9.0,15.4398,-10.729,12.197
80000.0,2.0,10.0,15.208,-11.5504,12.718
80000.0,2.0,11.0,15.0754,-12.4216,12.2451
80000.0,2.0,12.0,15.1747,-12.4712,11.2513
80000.0,2.0,13.0,15.4066,-11.6497,10.7303
80000.0,2.0,14.0,15.3073,-11.6001,11.7241
90000.0,1.0,1.0,18.1249,-8.35089,12.0476
90000.0,1.0,2.0,17.7618,-7.71336,11.3681
90000.0,1.0,3.0,16.9348,-7.94575,10.8562
90000.0,1.0,4.0,16.4709,-8.81567,11.0237
90000.0,1.0,5.0,16.8341,-9.4532,11.7032
90000.0,1.0,6.0,17.6611,-9.22081,12.2151
90000.0,1.0,7.0,17.2979,-8.58328,11.5356
90000.0,2.0,8.0,15.4686,-10.9204,11.0745
90000.0,2.0,9.0,15.3883,-10.7884,12.0625
90000.0,2.0,10.0,15.1551,-11.5611,12.6528
90000.0,2.0,11.0,15.0023,-12.4659,12.2552
90000.0,2.0,12.0,15.0826,-12.5979,11.2672
90000.0,2.0,13.0,15.3158,-11.8251,10.6769
90000.0,2.0,14.0,15.2354,-11.6931,11.6649
100000.0,1.0,1.0,18.0095,-8.25436,12.1447
100000.0,1.0,2.0,17.7286,-7.69976,11.3614
100000.0,1.0,3.0,16.9459,-7.97976,10.8056
100000.0,1.0,4.0,16.4442,-8.81437,11.0329
100000.0,1.0,5.0,16.7251,-9.36897,11.8162
100000.0,1.0,6.0,17.5078,-9.08897,12.3721
100000.0,1.0,7.0,17.2269,-8.53437,11.5888
100000.0,2.0,8.0,15.3972,-11.0673,10.9501
100000.0,2.0,9.0,15.3365,-10.8539,11.9252
100000.0,2.0,10.0,15.1033,-11.5723,12.5806
100000.0,2.0,11.0,14.9308,-12.504,12.261
100000.0,2.0,12.0,14.9915,-12.7173,11.2859
100000.0,2.0,13.0,15.2247,-11.999,10.6305
100000.0,2.0,14.0,15.164,-11.7856,11.6056
110000.0,1.0,1.0,17.8903,-8.15155,12.2322
110000.0,1.0,2.0,17.6984,-7.69333,11.3643
110000.0,1.0,3.0,16.9636,-8.02763,10.7741
110000.0,1.0,4.0,16.4207,-8.82015,11.0518
110000.0,1.0,5.0,16.6125,-9.27837,11.9197
110000.0,1.0,6.0,17.3473,-8.94407,12.5099
110000.0,1.0,7.0,17.1555,-8.48585,11.642
110000.0,2.0,8.0,15.3248,-11.2191,10.8304
110000.0,2.0,9.0,15.2842,-10.9258,11.7856
110000.0,2.0,10.0,15.0523,-11.5845,12.5014
110000.0,2.0,11.0,14.861,-12.5364,12.2621
110000.0,2.0,12.0,14.9016,-12.8297,11.3069
110000.0,2.0,13.0,15.1335,-12.171,10.5911
110000.0,2.0,14.0,15.0929,-11.8778,11.5462
120000.0,1.0,1.0,17.7681,-8.0435,12.3088
120000.0,1.0,2.0,17.6704,-7.69253,11.3775
120000.0,1.0,3.0,16.9862,-8.08662,10.7639
120000.0,1.0,4.0,16.3997,-8.83169,11.0815
120000.0,1.0,5.0,16.4974,-9.18265,12.0128
120000.0,1.0,6.0,17.1816,-8.78856,12.6264
120000.0,1.0,7.0,17.0839,-8.43759,11.6951
120000.0,2.0,8.0,15.2509,-11.3754,10.7159
120000.0,2.0,9.0,15.2308,-11.0044,11.6443
120000.0,2.0,10.0,15.0019,-11.5986,12.4154
120000.0,2.0,11.0,14.793,-12.5638,12.258
120000.0,2.0,12.0,14.8131,-12.9348,11.3296
120000.0,2.0,13.0,15.042,-12.3406,10.5586
120000.0,2.0,14.0,15.022,-11.9696,11.487
130000.0,1.0,1.0,17.6442,-7.93149,12.3734
130000.0,1.0,2.0,17.6435,-7.69582,11.4015
130000.0,1.0,3.0,17.0115,-8.15385,10.7764
130000.0,1.0,4.0,16.3802,-8.84755,11.1231
130000.0,1.0,5.0,16.3809,-9.08322,12.095
130000.0,1.0,6.0,17.0129,-8.62519,12.7201
130000.0,1.0,7.0,17.0122,-8.38952,11.7483
130000.0,2.0,8.0,15.1755,-11.5359,10.6069
130000.0,2.0,9.0,15.1762,-11.0898,11.5019
130000.0,2.0,10.0,14.9518,-11.6152,12.3226
130000.0,2.0,11.0,14.7268,-12.5867,12.2484
130000.0,2.0,12.0,14.7261,-13.0328,11.3535
130000.0,2.0,13.0,14.9505,-12.5074,10.5327
130000.0,2.0,14.0,14.9512,-12.0613,11.4277
140000.0,1.0,1.0,17.5198,-7.817,12.4252
140000.0,1.0,2.0,17.6168,-7.70167,11.4367
140000.0,1.0,3.0,17.0375,-8.22625,10.8128
140000.0,1.0,4.0,16.3612,-8.86618,11.1775
140000.0,1.0,5.0,16.2641,-8.98152,12.1661
140000.0,1.0,6.0,16.8434,-8.45693,12.7899
140000.0,1.0,7.0,16.9405,-8.34159,11.8014
140000.0,2.0,8.0,15.0987,-11.7,10.5039
140000.0,2.0,9.0,15.1201,-11.182,11.359
140000.0,2.0,10.0,14.9018,-11.6348,12.2235
140000.0,2.0,11.0,14.6622,-12.6056,12.2329
140000.0,2.0,12.0,14.6408,-13.1236,11.3778
140000.0,2.0,13.0,14.8591,-12.6709,10.5134
140000.0,2.0,14.0,14.8804,-12.1528,11.3684
150000.0,1.0,1.0,17.3959,-7.70165,12.4639
150000.0,1.0,2.0,17.5893,-7.70859,11.4828
150000.0,1.0,3.0,17.0621,-8.30071,10.8734
150000.0,1.0,4.0,16.3414,-8.88589,11.2451
150000.0,1.0,5.0,16.1479,-8.87896,12.2261
150000.0,1.0,6.0,16.6752,-8.28684,12.8355
150000.0,1.0,7.0,16.8686,-8.29377,11.8545
150000.0,2.0,8.0,15.0203,-11.8673,10.4072
150000.0,2.0,9.0,15.0623,-11.2811,11.2163
150000.0,2.0,10.0,14.8517,-11.658,12.1183
150000.0,2.0,11.0,14.5992,-12.6211,12.2112
150000.0,2.0,12.0,14.5573,-13.2074,11.4021
150000.0,2.0,13.0,14.7678,-12.8305,10.5001
150000.0,2.0,14.0,14.8098,-12.2442,11.3092
160000.0,1.0,1.0,17.2739,-7.58718,12.4891
160000.0,1.0,2.0,17.5601,-7.71515,11.5395
160000.0,1.0,3.0,17.083,-8.37403,10.958
160000.0,1.0,4.0,16.3196,-8.90492,11.326
160000.0,1.0,5.0,16.0334,-8.77695,12.2756
160000.0,1.0,6.0,16.5105,-8.11808,12.8571
160000.0,1.0,7.0,16.7967,-8.24605,11.9075
160000.0,2.0,8.0,14.9405,-12.0373,10.317
160000.0,2.0,9.0,15.0027,-11.3871,11.0742
160000.0,2.0,10.0,14.8014,-11.6854,12.0072
160000.0,2.0,11.0,14.5378,-12.6339,12.183
160000.0,2.0,12.0,14.4756,-13.2841,11.4258
160000.0,2.0,13.0,14.6769,-12.9858,10.4928
160000.0,2.0,14.0,14.7391,-12.3356,11.25
170000.0,1.0,1.0,17.1549,-7.47538,12.5011
170000.0,1.0,2.0,17.5283,-7.72002,11.6063
170000.0,1.0,3.0,17.0982,-8.44308,11.0658
170000.0,1.0,4.0,16.2947,-8.9215,11.42
170000.0,1.0,5.0,15.9213,-8.67686,12.3149
170000.0,1.0,6.0,16.3514,-7.9538,12.8554
170000.0,1.0,7.0,16.7248,-8.19844,11.9606
170000.0,2.0,8.0,14.8592,-12.2092,10.2335
170000.0,2.0,9.0,14.9413,-11.4997,10.9334
170000.0,2.0,10.0,14.7507,-11.7173,11.8907
170000.0,2.0,11.0,14.4779,-12.6443,12.148
170000.0,2.0,12.0,14.3959,-13.3538,11.4481
170000.0,2.0,13.0,14.5865,-13.1363,10.4909
170000.0,2.0,14.0,14.6686,-12.4268,11.1908
180000.0,1.0,1.0,17.0401,-7.36805,12.5006
180000.0,1.0,2.0,17.4932,-7.72196,11.6823
180000.0,1.0,3.0,17.1059,-8.50484,11.1954
180000.0,1.0,4.0,16.2655,-8.93382,11.5267
180000.0,1.0,5.0,15.8125,-8.57992,12.345
180000.0,1.0,6.0,16.1998,-7.79703,12.8319
180000.0,1.0,7.0,16.6528,-8.15094,12.0136
180000.0,2.0,8.0,14.7766,-12.3827,10.157
180000.0,2.0,9.0,14.878,-11.619,10.7946
180000.0,2.0,10.0,14.6994,-11.7542,11.7692
180000.0,2.0,11.0,14.4195,-12.6531,12.1062
180000.0,2.0,12.0,14.3182,-13.4168,11.4687
180000.0,2.0,13.0,14.4967,-13.2816,10.4941
180000.0,2.0,14.0,14.5981,-12.5179,11.1316
190000.0,1.0,1.0,16.9306,-7.26694,12.4882
190000.0,1.0,2.0,17.4541,-7.71987,11.7666
190000.0,1.0,3.0,17.1043,-8.55648,11.345
190000.0,1.0,4.0,16.231,-8.94015,11.6451
190000.0,1.0,5.0,15.7074,-8.48722,12.3668
190000.0,1.0,6.0,16.0573,-7.65061,12.7883
190000.0,1.0,7.0,16.5808,-8.10355,12.0667
190000.0,2.0,8.0,14.6928,-12.557,10.0876
190000.0,2.0,9.0,14.8127,-11.7445,10.6581
190000.0,2.0,10.0,14.6475,-11.7964,11.643
190000.0,2.0,11.0,14.3624,-12.6608,12.0573
190000.0,2.0,12.0,14.2425,-13.4732,11.4868
190000.0,2.0,13.0,14.4077,-13.4213,10.5019
190000.0,2.0,14.0,14.5276,-12.6089,11.0724
200000.0,1.0,1.0,16.8273,-7.17369,12.4653
200000.0,1.0,2.0,17.4106,-7.71284,11.8578
200000.0,1.0,3.0,17.092,-8.59542,11.5121
200000.0,1.0,4.0,16.19,-8.93886,11.774
200000.0,1.0,5.0,15.6068,-8.3997,12.3815
200000.0,1.0,6.0,15.9254,-7.51712,12.7272
200000.0,1.0,7.0,16.5087,-8.05627,12.1197
200000.0,2.0,8.0,14.6079,-12.7315,10.0252
200000.0,2.0,9.0,14.7454,-11.8762,10.5247
200000.0,2.0,10.0,14.5948,-11.8444,11.5128
200000.0,2.0,11.0,14.3065,-12.668,12.0014
200000.0,2.0,12.0,14.169,-13.5233,11.5019
200000.0,2.0,13.0,14.3197,-13.5551,10.5138
200000.0,2.0,14.0,14.4572,-12.6998,11.0133
210000.0,1.0,1.0,16.7312,-7.0898,12.4335
210000.0,1.0,2.0,17.3623,-7.70012,11.9548
210000.0,1.0,3.0,17.0677,-8.61944,11.6939
210000.0,1.0,4.0,16.1419,-8.92843,11.9117
210000.0,1.0,5.0,15.5108,-8.31812,12.3904
210000.0,1.0,6.0,15.8054,-7.3988,12.6513
210000.0,1.0,7.0,16.4366,-8.00912,12.1726
210000.0,2.0,8.0,14.5219,-12.9057,9.97009
210000.0,2.0,9.0,14.6761,-12.0137,10.3949
210000.0,2.0,10.0,14.5411,-11.8985,11.379
210000.0,2.0,11.0,14.2518,-12.6753,11.9383
210000.0,2.0,12.0,14.0976,-13.5673,11.5135
210000.0,2.0,13.0,14.2326,-13.6826,10.5294
210000.0,2.0,14.0,14.3869,-12.7905,10.9542
220000.0,1.0,1.0,16.6427,-7.0166,12.3945
220000.0,1.0,2.0,17.309,-7.68116,12.0562
220000.0,1.0,3.0,17.0306,-8.62665,11.8873
220000.0,1.0,4.0,16.086,-8.90758,12.0566
220000.0,1.0,5.0,15.4197,-8.24302,12.3949
220000.0,1.0,6.0,15.6981,-7.29753,12.5638
220000.0,1.0,7.0,16.3644,-7.96209,12.2255
220000.0,2.0,8.0,14.435,-13.0789,9.92208
220000.0,2.0,9.0,14.6048,-12.1566,10.2691
220000.0,2.0,10.0,14.4864,-11.9588,11.2421
220000.0,2.0,11.0,14.1981,-12.6833,11.8682
220000.0,2.0,12.0,14.0283,-13.6057,11.5212
220000.0,2.0,13.0,14.1467,-13.8035,10.5481
220000.0,2.0,14.0,14.3166,-12.8811,10.8951
230000.0,1.0,1.0,16.5626,-6.95516,12.3504
230000.0,1.0,2.0,17.2506,-7.65561,12.1606
230000.0,1.0,3.0,16.9801,-8.61564,12.0886
230000.0,1.0,4.0,16.0216,-8.87521,12.2065
230000.0,1.0,5.0,15.3336,-8.17476,12.3963
230000.0,1.0,6.0,15.6041,-7.21474,12.4683
230000.0,1.0,7.0,16.2921,-7.91519,12.2784
230000.0,2.0,8.0,14.3473,-13.2506,9.88112
230000.0,2.0,9.0,14.5315,-12.3046,10.1478
230000.0,2.0,10.0,14.4305,-12.0256,11.1028
230000.0,2.0,11.0,14.1453,-12.6927,11.7911
230000.0,2.0,12.0,13.9612,-13.6387,11.5244
230000.0,2.0,13.0,14.0621,-13.9177,10.5694
230000.0,2.0,14.0,14.2463,-12.9716,10.8361
240000.0,1.0,1.0,16.491,-6.90631,12.3034
240000.0,1.0,2.0,17.1871,-7.62332,12.2665
240000.0,1.0,3.0,16.9159,-8.58542,12.2943
240000.0,1.0,4.0,15.9486,-8.83052,12.3592
240000.0,1.0,5.0,15.2525,-8.11352,12.3962
240000.0,1.0,6.0,15.5237,-7.15141,12.3683
240000.0,1.0,7.0,16.2198,-7.86842,12.3313
240000.0,2.0,8.0,14.2589,-13.4201,9.84709
240000.0,2.0,9.0,14.4562,-12.4572,10.0316
240000.0,2.0,10.0,14.3733,-12.0992,10.9616
240000.0,2.0,11.0,14.0933,-12.7039,11.7071
240000.0,2.0,12.0,13.8961,-13.6668,11.5226
240000.0,2.0,13.0,13.9789,-14.0249,10.5926
240000.0,2.0,14.0,14.1761,-13.062,10.7771
250000.0,1.0,1.0,16.4281,-6.87057,12.256
250000.0,1.0,2.0,17.1188,-7.58431,12.3726
250000.0,1.0,3.0,16.8381,-8.53552,12.5007
250000.0,1.0,4.0,15.8668,-8.77299,12.5122
250000.0,1.0,5.0,15.1761,-8.05925,12.3957
250000.0,1.0,6.0,15.4568,-7.10804,12.2676
250000.0,1.0,7.0,16.1474,-7.82178,12.3841
250000.0,2.0,8.0,14.17,-13.5868,9.81979
250000.0,2.0,9.0,14.3789,-12.6141,9.92067
250000.0,2.0,10.0,14.3148,-12.1795,10.819
250000.0,2.0,11.0,14.0419,-12.7177,11.6165
250000.0,2.0,12.0,13.8331,-13.6904,11.5156
250000.0,2.0,13.0,13.8972,-14.125,10.6173
250000.0,2.0,14.0,14.106,-13.1523,10.7181
260000.0,1.0,1.0,16.3737,-6.84814,12.2106
260000.0,1.0,2.0,17.0458,-7.53881,12.4776
260000.0,1.0,3.0,16.7471,-8.46595,12.7039
260000.0,1.0,4.0,15.7763,-8.70242,12.6632
260000.0,1.0,5.0,15.1042,-8.01176,12.3962
260000.0,1.0,6.0,15.4029,-7.08462,12.1699
260000.0,1.0,7.0,16.075,-7.77528,12.4369
260000.0,2.0,8.0,14.0807,-13.7503,9.79901
260000.0,2.0,9.0,14.2997,-12.7747,9.81556
260000.0,2.0,10.0,14.2548,-12.2667,10.6758
260000.0,2.0,11.0,13.9911,-12.7344,11.5194
260000.0,2.0,12.0,13.7722,-13.71,11.5029
260000.0,2.0,13.0,13.817,-14.218,10.6427
260000.0,2.0,14.0,14.0359,-13.2424,10.6592
270000.0,1.0,1.0,16.3275,-6.83892,12.1698
270000.0,1.0,2.0,16.9686,-7.48719,12.5804
270000.0,1.0,3.0,16.6438,-8.3772,12.9003
270000.0,1.0,4.0,15.6777,-8.61893,12.8095
270000.0,1.0,5.0,15.0365,-7.97066,12.3989
270000.0,1.0,6.0,15.3614,-7.08065,12.079
270000.0,1.0,7.0,16.0026,-7.72893,12.4896
270000.0,2.0,8.0,13.9912,-13.91,9.78447
270000.0,2.0,9.0,14.2186,-12.9386,9.71656
270000.0,2.0,10.0,14.1933,-12.3609,10.5324
270000.0,2.0,11.0,13.9406,-12.7546,11.4162
270000.0,2.0,12.0,13.7131,-13.7261,11.4841
270000.0,2.0,13.0,13.7384,-14.3037,10.6683
270000.0,2.0,14.0,13.9659,-13.3323,10.6003
280000.0,1.0,1.0,16.2888,-6.84243,12.1358
280000.0,1.0,2.0,16.8877,-7.42997,12.6799
280000.0,1.0,3.0,16.529,-8.27026,13.0864
280000.0,1.0,4.0,15.5713,-8.523,12.9488
280000.0,1.0,5.0,14.9723,-7.93546,12.4047
280000.0,1.0,6.0,15.3311,-7.09517,11.9983
280000.0,1.0,7.0,15.93,-7.68271,12.5423
280000.0,2.0,8.0,13.9015,-14.0653,9.77584
280000.0,2.0,9.0,14.1358,-13.1051,9.62395
280000.0,2.0,10.0,14.1302,-12.4619,10.3896
280000.0,2.0,11.0,13.8903,-12.7789,11.3072
280000.0,2.0,12.0,13.656,-13.7392,11.4591
280000.0,2.0,13.0,13.6615,-14.3823,10.6934
280000.0,2.0,14.0,13.8959,-13.4221,10.5415
290000.0,1.0,1.0,16.2568,-6.85788,12.1112
290000.0,1.0,2.0,16.8036,-7.3678,12.7753
290000.0,1.0,3.0,16.4043,-8.14657,13.259
290000.0,1.0,4.0,15.4581,-8.41543,13.0787
290000.0,1.0,5.0,14.9113,-7.90551,12.4146
290000.0,1.0,6.0,15.3107,-7.12673,11.9309
290000.0,1.0,7.0,15.8575,-7.63665,12.595
290000.0,2.0,8.0,13.8118,-14.2158,9.77276
290000.0,2.0,9.0,14.0513,-13.2738,9.538
290000.0,2.0,10.0,14.0655,-12.5697,10.248
290000.0,2.0,11.0,13.8402,-12.8077,11.1928
290000.0,2.0,12.0,13.6006,-13.7498,11.4275
290000.0,2.0,13.0,13.5864,-14.4539,10.7175
290000.0,2.0,14.0,13.826,-13.5118,10.4828
300000.0,1.0,1.0,16.2306,-6.88416,12.098
300000.0,1.0,2.0,16.7169,-7.30139,12.8658
300000.0,1.0,3.0,16.2711,-8.00797,13.4153
300000.0,1.0,4.0,15.3391,-8.29733,13.1971
300000.0,1.0,5.0,14.8528,-7.8801,12.4293
300000.0,1.0,6.0,15.2986,-7.17351,11.8797
300000.0,1.0,7.0,15.7849,-7.59074,12.6475
300000.0,2.0,8.0,13.7223,-14.3612,9.77483
300000.0,2.0,9.0,13.9653,-13.444,9.45889
300000.0,2.0,10.0,13.9991,-12.6842,10.1081
300000.0,2.0,11.0,13.7899,-12.8414,11.0732
300000.0,2.0,12.0,13.5469,-13.7586,11.3892
300000.0,2.0,13.0,13.5131,-14.5184,10.74
300000.0,2.0,14.0,13.7561,-13.6013,10.424
310000.0,1.0,1.0,16.209,-6.91985,12.0981
310000.0,1.0,2.0,16.628,-7.23154,12.9509
310000.0,1.0,3.0,16.1312,-7.85668,13.5529
310000.0,1.0,4.0,15.2153,-8.17013,13.302
310000.0,1.0,5.0,14.7963,-7.85844,12.4492
310000.0,1.0,6.0,15.2932,-7.2333,11.8472
310000.0,1.0,7.0,15.7122,-7.54499,12.7
310000.0,2.0,8.0,13.633,-14.5008,9.78162
310000.0,2.0,9.0,13.8777,-13.6153,9.38678
310000.0,2.0,10.0,13.931,-12.8051,9.97054
310000.0,2.0,11.0,13.7395,-12.8805,10.9491
310000.0,2.0,12.0,13.4948,-13.766,11.344
310000.0,2.0,13.0,13.4416,-14.5762,10.7602
310000.0,2.0,14.0,13.6863,-13.6907,10.3654
320000.0,1.0,1.0,16.1907,-6.96327,12.1132
320000.0,1.0,2.0,16.5378,-7.15908,13.0304
320000.0,1.0,3.0,15.9865,-7.69521,13.6697
320000.0,1.0,4.0,15.0882,-8.03552,13.3918
320000.0,1.0,5.0,14.7411,-7.8397,12.4746
320000.0,1.0,6.0,15.2924,-7.30358,11.8353
320000.0,1.0,7.0,15.6395,-7.49939,12.7525
320000.0,2.0,8.0,13.5442,-14.6345,9.79266
320000.0,2.0,9.0,13.7889,-13.7869,9.32178
320000.0,2.0,10.0,13.8611,-12.9323,9.8359
320000.0,2.0,11.0,13.6888,-12.9252,10.8209
320000.0,2.0,12.0,13.4441,-13.7728,11.2918
320000.0,2.0,13.0,13.3719,-14.6274,10.7777
320000.0,2.0,14.0,13.6165,-13.7798,10.3068
330000.0,1.0,1.0,16.1741,-7.01249,12.1445
330000.0,1.0,2.0,16.4466,-7.08486,13.104
330000.0,1.0,3.0,15.8391,-7.52633,13.7643
330000.0,1.0,4.0,14.9592,-7.89543,13.4653
330000.0,1.0,5.0,14.6867,-7.82306,12.5058
330000.0,1.0,6.0,15.2942,-7.38159,11.8455
330000.0,1.0,7.0,15.5667,-7.45396,12.8049
330000.0,2.0,8.0,13.456,-14.7619,9.80746
330000.0,2.0,9.0,13.6989,-13.9584,9.26394
330000.0,2.0,10.0,13.7896,-13.0654,9.70473
330000.0,2.0,11.0,13.6375,-12.9759,10.689
330000.0,2.0,12.0,13.3947,-13.7794,11.2326
330000.0,2.0,13.0,13.304,-14.6724,10.7918
330000.0,2.0,14.0,13.5468,-13.8689,10.2482
340000.0,1.0,1.0,16.1579,-7.06541,12.193
340000.0,1.0,2.0,16.3552,-7.00969,13.1718
340000.0,1.0,3.0,15.6911,-7.35297,13.836
340000.0,1.0,4.0,14.8298,-7.75197,13.5215
340000.0,1.0,5.0,14.6325,-7.8077,12.5427
340000.0,1.0,6.0,15.2966,-7.46442,11.8785
340000.0,1.0,7.0,15.4938,-7.40869,12.8572
340000.0,2.0,8.0,13.3685,-14.8827,9.82547
340000.0,2.0,9.0,13.6078,-14.129,9.21326
340000.0,2.0,10.0,13.7164,-13.2041,9.57757
340000.0,2.0,11.0,13.5857,-13.0328,10.5541
340000.0,2.0,12.0,13.3465,-13.7865,11.1663
340000.0,2.0,13.0,13.2379,-14.7114,10.802
340000.0,2.0,14.0,13.4771,-13.9578,10.1898
350000.0,1.0,1.0,16.1403,-7.11979,12.259
350000.0,1.0,2.0,16.2639,-6.93434,13.2339
350000.0,1.0,3.0,15.5445,-7.17815,13.8843
350000.0,1.0,4.0,14.7016,-7.6074,13.5599
350000.0,1.0,5.0,14.578,-7.79285,12.5851
350000.0,1.0,6.0,15.2974,-7.54905,11.9346
350000.0,1.0,7.0,15.421,-7.3636,12.9095
350000.0,2.0,8.0,13.2819,-14.9966,9.84618
350000.0,2.0,9.0,13.5158,-14.2983,9.1697
350000.0,2.0,10.0,13.6414,-13.3481,9.4549
350000.0,2.0,11.0,13.5331,-13.0963,10.4166
350000.0,2.0,12.0,13.2992,-13.7946,11.0931
350000.0,2.0,13.0,13.1736,-14.7448,10.8079
350000.0,2.0,14.0,13.4075,-14.0464,10.1314
360000.0,1.0,1.0,16.1199,-7.1733,12.3427
360000.0,1.0,2.0,16.1732,-6.85955,13.2907
360000.0,1.0,3.0,15.4013,-7.00493,13.9097
360000.0,1.0,4.0,14.5762,-7.46405,13.5806
360000.0,1.0,5.0,14.5228,-7.7778,12.6326
360000.0,1.0,6.0,15.2947,-7.63242,12.0137
360000.0,1.0,7.0,15.348,-7.31867,12.9617
360000.0,2.0,8.0,13.1961,-15.1036,9.869
360000.0,2.0,9.0,13.4231,-14.4656,9.13315
360000.0,2.0,10.0,13.5649,-13.497,9.3372
360000.0,2.0,11.0,13.4797,-13.1663,10.2771
360000.0,2.0,12.0,13.2528,-13.8043,11.013
360000.0,2.0,13.0,13.111,-14.773,10.8089
360000.0,2.0,14.0,13.3379,-14.135,10.0731
370000.0,1.0,1.0,16.095,-7.22357,12.4436
370000.0,1.0,2.0,16.0835,-6.78594,13.3427
370000.0,1.0,3.0,15.2636,-6.83629,13.9129
370000.0,1.0,4.0,14.4551,-7.32428,13.584
370000.0,1.0,5.0,14.4665,-7.76192,12.6849
370000.0,1.0,6.0,15.2865,-7.71156,12.1147
370000.0,1.0,7.0,15.275,-7.27393,13.0138
370000.0,2.0,8.0,13.1115,-15.2034,9.89337
370000.0,2.0,9.0,13.3298,-14.6304,9.10346
370000.0,2.0,10.0,13.4867,-13.6503,9.2249
370000.0,2.0,11.0,13.4254,-13.2432,10.1362
370000.0,2.0,12.0,13.2071,-13.8163,10.9261
370000.0,2.0,13.0,13.0501,-14.7964,10.8047
370000.0,2.0,14.0,13.2684,-14.2233,10.0148
380000.0,1.0,1.0,16.0642,-7.26831,12.5608
380000.0,1.0,2.0,15.9952,-6.71404,13.3903
380000.0,1.0,3.0,15.1329,-6.6751,13.8953
380000.0,1.0,4.0,14.3397,-7.19042,13.5708
380000.0,1.0,5.0,14.4088,-7.74468,12.7413
380000.0,1.0,6.0,15.271,-7.78362,12.2363
380000.0,1.0,7.0,15.202,-7.22936,13.0658
380000.0,2.0,8.0,13.028,-15.296,9.91869
380000.0,2.0,9.0,13.2361,-14.792,9.08044
380000.0,2.0,10.0,13.4071,-13.8075,9.11838
380000.0,2.0,11.0,13.3699,-13.3269,9.99456
380000.0,2.0,12.0,13.1618,-13.831,10.8328
380000.0,2.0,13.0,12.9909,-14.8155,10.7949
380000.0,2.0,14.0,13.199,-14.3115,9.95663
390000.0,1.0,1.0,16.0262,-7.30528,12.6931
390000.0,1.0,2.0,15.9084,-6.6443,13.4342
390000.0,1.0,3.0,15.011,-6.524,13.8589
390000.0,1.0,4.0,14.2316,-7.06468,13.5425
390000.0,1.0,5.0,14.3494,-7.72565,12.8014
390000.0,1.0,6.0,15.2468,-7.84595,12.3767
390000.0,1.0,7.0,15.1289,-7.18498,13.1178
390000.0,2.0,8.0,12.9459,-15.3814,9.94438
390000.0,2.0,9.0,13.1422,-14.95,9.06383
390000.0,2.0,10.0,13.326,-13.9681,9.01799
390000.0,2.0,11.0,13.3133,-13.4176,9.85269
390000.0,2.0,12.0,13.1169,-13.8489,10.7332
390000.0,2.0,13.0,12.9332,-14.8308,10.7791
390000.0,2.0,14.0,13.1296,-14.3995,9.89853
400000.0,1.0,1.0,15.9797,-7.33243,12.8387
400000.0,1.0,2.0,15.8232,-6.57704,13.475
400000.0,1.0,3.0,14.8992,-6.38539,13.8059
400000.0,1.0,4.0,14.1318,-6.94913,13.5006
400000.0,1.0,5.0,14.2883,-7.70452,12.8643
400000.0,1.0,6.0,15.2123,-7.89618,12.5333
400000.0,1.0,7.0,15.0558,-7.14078,13.1696
400000.0,2.0,8.0,12.865,-15.4595,9.96983
400000.0,2.0,9.0,13.0483,-15.1039,9.05334
400000.0,2.0,10.0,13.2435,-14.1317,8.92403
400000.0,2.0,11.0,13.2554,-13.5151,9.71122
400000.0,2.0,12.0,13.0721,-13.8707,10.6277
400000.0,2.0,13.0,12.877,-14.8429,10.757
400000.0,2.0,14.0,13.0602,-14.4873,9.84052
410000.0,1.0,1.0,15.9238,-7.34792,12.9955
410000.0,1.0,2.0,15.7398,-6.51246,13.5133
410000.0,1.0,3.0,14.7986,-6.26132,13.7393
410000.0,1.0,4.0,14.0413,-6.84563,13.4474
410000.0,1.0,5.0,14.2253,-7.68109,12.9295
410000.0,1.0,6.0,15.1666,-7.93224,12.7036
410000.0,1.0,7.0,14.9826,-7.09678,13.2214
410000.0,2.0,8.0,12.7857,-15.5304,9.99445
410000.0,2.0,9.0,12.9545,-15.2531,9.04862
410000.0,2.0,10.0,13.1598,-14.2976,8.83677
410000.0,2.0,11.0,13.1962,-13.6194,9.57075
410000.0,2.0,12.0,13.0273,-13.8967,10.5166
410000.0,2.0,13.0,12.8221,-14.8522,10.7284
410000.0,2.0,14.0,12.9909,-14.5749,9.7826
420000.0,1.0,1.0,15.8575,-7.35016,13.1611
420000.0,1.0,2.0,15.6581,-6.45067,13.5499
420000.0,1.0,3.0,14.7098,-6.15347,13.6619
420000.0,1.0,4.0,13.9611,-6.75577,13.3851
420000.0,1.0,5.0,14.1605,-7.65526,12.9964
420000.0,1.0,6.0,15.1088,-7.95246,12.8844
420000.0,1.0,7.0,14.9093,-7.05296,13.2731
420000.0,2.0,8.0,12.7079,-15.5942,10.0176
420000.0,2.0,9.0,12.861,-15.3972,9.0493
420000.0,2.0,10.0,13.0749,-14.4653,8.75641
420000.0,2.0,11.0,13.1355,-13.7304,9.43188
420000.0,2.0,12.0,12.9823,-13.9274,10.4002
420000.0,2.0,13.0,12.7685,-14.8593,10.6931
420000.0,2.0,14.0,12.9217,-14.6623,9.72477
430000.0,1.0,1.0,15.7805,-7.33788,13.3329
430000.0,1.0,2.0,15.578,-6.39166,13.5852
430000.0,1.0,3.0,14.6336,-6.06313,13.5771
430000.0,1.0,4.0,13.8916,-6.68082,13.3166
430000.0,1.0,5.0,14.094,-7.62704,13.0642
430000.0,1.0,6.0,15.0384,-7.95557,13.0724
430000.0,1.0,7.0,14.836,-7.00935,13.3247
430000.0,2.0,8.0,12.6316,-15.6512,10.0389
430000.0,2.0,9.0,12.768,-15.5358,9.05494
430000.0,2.0,10.0,12.9889,-14.6341,8.68311
430000.0,2.0,11.0,13.0734,-13.8479,9.29519
430000.0,2.0,12.0,12.9369,-13.9632,10.2791
430000.0,2.0,13.0,12.716,-14.8649,10.6509
430000.0,2.0,14.0,12.8525,-14.7495,9.66702
440000.0,1.0,1.0,15.6923,-7.31016,13.5078
440000.0,1.0,2.0,15.4995,-6.33534,13.6199
440000.0,1.0,3.0,14.5699,-5.99111,13.4883
440000.0,1.0,4.0,13.833,-6.62171,13.2446
440000.0,1.0,5.0,14.0258,-7.59654,13.1326
440000.0,1.0,6.0,14.9554,-7.94076,13.2642
440000.0,1.0,7.0,14.7627,-6.96594,13.3762
440000.0,2.0,8.0,12.557,-15.7014,10.0575
440000.0,2.0,9.0,12.6757,-15.6685,9.0651
440000.0,2.0,10.0,12.902,-14.8036,8.61699
440000.0,2.0,11.0,13.0097,-13.9717,9.16126
440000.0,2.0,12.0,12.8909,-14.0045,10.1536
440000.0,2.0,13.0,12.6646,-14.8694,10.6018
440000.0,2.0,14.0,12.7833,-14.8365,9.60937
450000.0,1.0,1.0,15.5929,-7.26647,13.683
450000.0,1.0,2.0,15.4224,-6.28154,13.6544
450000.0,1.0,3.0,14.5187,-5.93779,13.3991
450000.0,1.0,4.0,13.7856,-6.57898,13.1723
450000.0,1.0,5.0,13.9561,-7.56391,13.2009
450000.0,1.0,6.0,14.8598,-7.90766,13.4562
450000.0,1.0,7.0,14.6893,-6.92273,13.4276
450000.0,2.0,8.0,12.4841,-15.7452,10.073
450000.0,2.0,9.0,12.5842,-15.795,9.07928
450000.0,2.0,10.0,12.8144,-14.9732,8.5581
450000.0,2.0,11.0,12.9444,-14.1015,9.03064
450000.0,2.0,12.0,12.8443,-14.0517,10.0244
450000.0,2.0,13.0,12.6141,-14.8735,10.5455
450000.0,2.0,14.0,12.7142,-14.9233,9.55182
460000.0,1.0,1.0,15.4827,-7.20666,13.8553
460000.0,1.0,2.0,15.3464,-6.23003,13.6891
460000.0,1.0,3.0,14.4795,-5.90309,13.3128
460000.0,1.0,4.0,13.7489,-6.55278,13.1027
460000.0,1.0,5.0,13.8852,-7.52942,13.2688
460000.0,1.0,6.0,14.7521,-7.85636,13.6451
460000.0,1.0,7.0,14.6158,-6.87972,13.479
460000.0,2.0,8.0,12.4129,-15.7828,10.0849
460000.0,2.0,9.0,12.4937,-15.915,9.09697
460000.0,2.0,10.0,12.726,-15.1421,8.50645
460000.0,2.0,11.0,12.8775,-14.2371,8.90385
460000.0,2.0,12.0,12.7967,-14.1049,9.89178
460000.0,2.0,13.0,12.5644,-14.8777,10.4823
460000.0,2.0,14.0,12.6452,-15.0099,9.49437
470000.0,1.0,1.0,15.3621,-7.13102,14.0215
470000.0,1.0,2.0,15.2713,-6.18053,13.7243
470000.0,1.0,3.0,14.4515,-5.88644,13.233
470000.0,1.0,4.0,13.7225,-6.54285,13.0388
470000.0,1.0,5.0,13.8133,-7.49334,13.336
470000.0,1.0,6.0,14.6331,-7.78742,13.8274
470000.0,1.0,7.0,14.5423,-6.83693,13.5302
470000.0,2.0,8.0,12.3434,-15.8147,10.0926
470000.0,2.0,9.0,12.4044,-16.0282,9.11761
470000.0,2.0,10.0,12.6372,-15.3099,8.46201
470000.0,2.0,11.0,12.809,-14.378,8.78142
470000.0,2.0,12.0,12.748,-14.1644,9.75644
470000.0,2.0,13.0,12.5152,-14.8827,10.412
470000.0,2.0,14.0,12.5762,-15.0963,9.43703
480000.0,1.0,1.0,15.232,-7.04022,14.1788
480000.0,1.0,2.0,15.1969,-6.13273,13.7602
480000.0,1.0,3.0,14.4337,-5.88687,13.1626
480000.0,1.0,4.0,13.7055,-6.54849,12.9837
480000.0,1.0,5.0,13.7406,-7.45597,13.4023
480000.0,1.0,6.0,14.5038,-7.70184,13.9999
480000.0,1.0,7.0,14.4687,-6.79435,13.5813
480000.0,2.0,8.0,12.2756,-15.8411,10.0958
480000.0,2.0,9.0,12.3163,-16.1345,9.14066
480000.0,2.0,10.0,12.5479,-15.476,8.42467
480000.0,2.0,11.0,12.7389,-14.5239,8.6638
480000.0,2.0,12.0,12.6982,-14.2305,9.61891
480000.0,2.0,13.0,12.4666,-14.8891,10.3349
480000.0,2.0,14.0,12.5073,-15.1825,9.37979
490000.0,1.0,1.0,15.0933,-6.93535,14.3243
490000.0,1.0,2.0,15.123,-6.08634,13.7968
490000.0,1.0,3.0,14.4249,-5.90299,13.1047
490000.0,1.0,4.0,13.697,-6.56864,12.9402
490000.0,1.0,5.0,13.6672,-7.41764,13.4677
490000.0,1.0,6.0,14.3654,-7.601,14.1598
490000.0,1.0,7.0,14.3951,-6.75199,13.6323
490000.0,2.0,8.0,12.2096,-15.8626,10.0939
490000.0,2.0,9.0,12.2297,-16.2337,9.16552
490000.0,2.0,10.0,12.4584,-15.6397,8.39432
490000.0,2.0,11.0,12.6671,-14.6744,8.55145
490000.0,2.0,12.0,12.6471,-14.3032,9.47979
490000.0,2.0,13.0,12.4183,-14.8973,10.251
490000.0,2.0,14.0,12.4384,-15.2685,9.32265
500000.0,1.0,1.0,14.9474,-6.81788,14.4555
500000.0,1.0,2.0,15.0494,-6.04106,13.8341
500000.0,1.0,3.0,14.4235,-5.93303,13.0617
500000.0,1.0,4.0,13.6956,-6.60183,12.9108
500000.0,1.0,5.0,13.5935,-7.37865,13.5322
500000.0,1.0,6.0,14.2195,-7.48667,14.3045
500000.0,1.0,7.0,14.3215,-6.70985,13.6831
500000.0,2.0,8.0,12.1453,-15.8795,10.0865
500000.0,2.0,9.0,12.1446,-16.3258,9.1916
500000.0,2.0,10.0,12.3688,-15.8005,8.37074
500000.0,2.0,11.0,12.5938,-14.8289,8.44477
500000.0,2.0,12.0,12.5945,-14.3827,9.33966
500000.0,2.0,13.0,12.3702,-14.9079,10.1605
500000.0,2.0,14.0,12.3695,-15.3542,9.26563
510000.0,1.0,1.0,14.7958,-6.68962,14.5701
510000.0,1.0,2.0,14.9759,-5.99661,13.872
510000.0,1.0,3.0,14.4279,-5.97492,13.0359
510000.0,1.0,4.0,13.6998,-6.64625,12.8977
510000.0,1.0,5.0,13.5196,-7.33927,13.5958
510000.0,1.0,6.0,14.0676,-7.36095,14.432
510000.0,1.0,7.0,14.2478,-6.66794,13.7339
510000.0,2.0,8.0,12.0826,-15.8924,10.0733
510000.0,2.0,9.0,12.0612,-16.4106,9.21832
510000.0,2.0,10.0,12.2793,-15.9579,8.35372
510000.0,2.0,11.0,12.5188,-14.9871,8.34413
510000.0,2.0,12.0,12.5403,-14.4689,9.19914
510000.0,2.0,13.0,12.3222,-14.9216,10.0637
510000.0,2.0,14.0,12.3007,-15.4397,9.20873
520000.0,1.0,1.0,14.6401,-6.55269,14.6662
520000.0,1.0,2.0,14.9024,-5.95278,13.9104
520000.0,1.0,3.0,14.4364,-6.02633,13.0287
520000.0,1.0,4.0,13.708,-6.6998,12.9029
520000.0,1.0,5.0,13.4456,-7.29972,13.6587
520000.0,1.0,6.0,13.9117,-7.22617,14.5404
520000.0,1.0,7.0,14.174,-6.62625,13.7846
520000.0,2.0,8.0,12.0216,-15.9018,10.054
520000.0,2.0,9.0,11.9796,-16.4881,9.24506
520000.0,2.0,10.0,12.19,-16.1114,8.34297
520000.0,2.0,11.0,12.4424,-15.1482,8.24984
520000.0,2.0,12.0,12.4844,-14.5619,9.05882
520000.0,2.0,13.0,12.2741,-14.9387,9.96091
520000.0,2.0,14.0,12.232,-15.525,9.15194
530000.0,1.0,1.0,14.482,-6.40948,14.7425
530000.0,1.0,2.0,14.8288,-5.90939,13.949
530000.0,1.0,3.0,14.447,-6.08471,13.0416
530000.0,1.0,4.0,13.7184,-6.7601,12.9276
530000.0,1.0,5.0,13.3716,-7.26019,13.7211
530000.0,1.0,6.0,13.7534,-7.08487,14.6286
530000.0,1.0,7.0,14.1002,-6.58479,13.8351
530000.0,2.0,8.0,11.9622,-15.9083,10.0283
530000.0,2.0,9.0,11.8998,-16.5586,9.27124
530000.0,2.0,10.0,12.101,-16.2604,8.33816
530000.0,2.0,11.0,12.3645,-15.3119,8.16219
530000.0,2.0,12.0,12.4268,-14.6616,8.91931
530000.0,2.0,13.0,12.2257,-14.9598,9.85238
530000.0,2.0,14.0,12.1633,-15.6101,9.09527
540000.0,1.0,1.0,14.3235,-6.26255,14.798
540000.0,1.0,2.0,14.755,-5.86637,13.9876
540000.0,1.0,3.0,14.4579,-6.14739,13.075
540000.0,1.0,4.0,13.7292,-6.82459,12.9729
540000.0,1.0,5.0,13.2977,-7.22076,13.7834
540000.0,1.0,6.0,13.5948,-6.93974,14.6959
540000.0,1.0,7.0,14.0264,-6.54357,13.8855
540000.0,2.0,8.0,11.9042,-15.9123,9.99604
540000.0,2.0,9.0,11.822,-16.6219,9.29625
540000.0,2.0,10.0,12.0125,-16.4045,8.33893
540000.0,2.0,11.0,12.2851,-15.4775,8.08141
540000.0,2.0,12.0,12.3673,-14.7679,8.7812
540000.0,2.0,13.0,12.1769,-14.9853,9.73852
540000.0,2.0,14.0,12.0947,-15.6949,9.03872
550000.0,1.0,1.0,14.1664,-6.11461,14.8323
550000.0,1.0,2.0,14.6811,-5.82367,14.0258
550000.0,1.0,3.0,14.4672,-6.21163,13.1293
550000.0,1.0,4.0,13.7385,-6.89055,13.0393
550000.0,1.0,5.0,13.2238,-7.18149,13.8458
550000.0,1.0,6.0,13.4377,-6.79352,14.7422
550000.0,1.0,7.0,13.9524,-6.50258,13.9358
550000.0,2.0,8.0,11.8477,-15.9146,9.95695
550000.0,2.0,9.0,11.7462,-16.6784,9.31952
550000.0,2.0,10.0,11.9246,-16.5433,8.34488
550000.0,2.0,11.0,12.2045,-15.6444,8.00766
550000.0,2.0,12.0,12.306,-14.8806,8.64509
550000.0,2.0,13.0,12.1276,-15.0157,9.61973
550000.0,2.0,14.0,12.0261,-15.7795,8.9823
560000.0,1.0,1.0,14.0126,-5.96846,14.8453
560000.0,1.0,2.0,14.6071,-5.78135,14.0634
560000.0,1.0,3.0,14.473,-6.27472,13.2039
560000.0,1.0,4.0,13.7444,-6.9552,13.1265
560000.0,1.0,5.0,13.1498,-7.14232,13.9085
560000.0,1.0,6.0,13.2839,-6.64895,14.7679
560000.0,1.0,7.0,13.8785,-6.46183,13.9859
560000.0,2.0,8.0,11.7925,-15.9156,9.91094
560000.0,2.0,9.0,11.6725,-16.7281,9.34048
560000.0,2.0,10.0,11.8375,-16.6764,8.35555
560000.0,2.0,11.0,12.1226,-15.8121,7.94109
560000.0,2.0,12.0,12.2426,-14.9996,8.51155
560000.0,2.0,13.0,12.0776,-15.0513,9.49647
560000.0,2.0,14.0,11.9575,-15.8638,8.92601
570000.0,1.0,1.0,13.8639,-5.82688,14.8379
570000.0,1.0,2.0,14.5332,-5.73953,14.1
570000.0,1.0,3.0,14.4738,-6.33398,13.2981
570000.0,1.0,4.0,13.7451,-7.01578,13.234
570000.0,1.0,5.0,13.0758,-7.10313,13.9718
570000.0,1.0,6.0,13.1352,-6.50868,14.7738
570000.0,1.0,7.0,13.8045,-6.42133,14.0359
570000.0,2.0,8.0,11.7386,-15.916,9.85795
570000.0,2.0,9.0,11.6009,-16.7714,9.35858
570000.0,2.0,10.0,11.7514,-16.8033,8.37048
570000.0,2.0,11.0,12.0396,-15.9799,7.88176
570000.0,2.0,12.0,12.1773,-15.1245,8.38113
570000.0,2.0,13.0,12.0267,-15.0926,9.36922
570000.0,2.0,14.0,11.8891,-15.948,8.86985
580000.0,1.0,1.0,13.722,-5.69256,14.811
580000.0,1.0,2.0,14.4595,-5.69841,14.1356
580000.0,1.0,3.0,14.4679,-6.38692,13.4105
580000.0,1.0,4.0,13.7388,-7.06958,13.3606
580000.0,1.0,5.0,13.0014,-7.06374,14.036
580000.0,1.0,6.0,12.993,-6.37523,14.7612
580000.0,1.0,7.0,13.7304,-6.38107,14.0858
580000.0,2.0,8.0,11.6857,-15.9165,9.79795
580000.0,2.0,9.0,11.5314,-16.8086,9.37329
580000.0,2.0,10.0,11.6662,-16.9239,8.38917
580000.0,2.0,11.0,11.9555,-16.1472,7.8297
580000.0,2.0,12.0,12.1099,-15.2551,8.25436
580000.0,2.0,13.0,11.975,-15.1397,9.23849
580000.0,2.0,14.0,11.8206,-16.0318,8.81383
590000.0,1.0,1.0,13.5885,-5.56809,14.7664
590000.0,1.0,2.0,14.3861,-5.65824,14.17
590000.0,1.0,3.0,14.4539,-6.43122,13.5392
590000.0,1.0,4.0,13.7242,-7.11404,13.5048
590000.0,1.0,5.0,12.9265,-7.02389,14.1012
590000.0,1.0,6.0,12.8587,-6.25092,14.732
590000.0,1.0,7.0,13.6563,-6.34107,14.1356
590000.0,2.0,8.0,11.634,-15.9175,9.73099
590000.0,2.0,9.0,11.464,-16.8399,9.38411
590000.0,2.0,10.0,11.5823,-17.0378,8.41106
590000.0,2.0,11.0,11.8705,-16.3134,7.78488
590000.0,2.0,12.0,12.0405,-15.391,8.13176
590000.0,2.0,13.0,11.9222,-15.193,9.10481
590000.0,2.0,14.0,11.7522,-16.1154,8.75794
600000.0,1.0,1.0,13.4647,-5.45582,14.7061
600000.0,1.0,2.0,14.3133,-5.61933,14.203
600000.0,1.0,3.0,14.4308,-6.46483,13.6821
600000.0,1.0,4.0,13.6997,-7.14681,13.6643
600000.0,1.0,5.0,12.851,-6.9833,14.1674
600000.0,1.0,6.0,12.7335,-6.1378,14.6882
600000.0,1.0,7.0,13.5822,-6.30132,14.1852
600000.0,2.0,8.0,11.5831,-15.9197,9.65714
600000.0,2.0,9.0,11.3987,-16.8657,9.39057
600000.0,2.0,10.0,11.4996,-17.1448,8.43562
600000.0,2.0,11.0,11.7847,-16.4779,7.74723
600000.0,2.0,12.0,11.9691,-15.5318,8.0138
600000.0,2.0,13.0,11.8682,-15.2527,8.96875
600000.0,2.0,14.0,11.6839,-16.1988,8.70219
610000.0,1.0,1.0,13.3517,-5.35783,14.6326
610000.0,1.0,2.0,14.2413,-5.58201,14.2348
610000.0,1.0,3.0,14.3976,-6.486,13.8368
610000.0,1.0,4.0,13.6642,-7.16581,13.8367
610000.0,1.0,5.0,12.7746,-6.94163,14.2345
610000.0,1.0,6.0,12.6183,-6.03764,14.6325
610000.0,1.0,7.0,13.508,-6.26182,14.2347
610000.0,2.0,8.0,11.5329,-15.9237,9.57655
610000.0,2.0,9.0,11.3356,-16.8865,9.39223
610000.0,2.0,10.0,11.4182,-17.2447,8.46225
610000.0,2.0,11.0,11.6983,-16.6401,7.7166
610000.0,2.0,12.0,11.8956,-15.6772,7.90092
610000.0,2.0,13.0,11.813,-15.319,8.8309
610000.0,2.0,14.0,11.6156,-16.2819,8.64658
620000.0,1.0,1.0,13.2505,-5.27589,14.5489
620000.0,1.0,2.0,14.1704,-5.54664,14.2654
620000.0,1.0,3.0,14.3536,-6.49333,14.0004
620000.0,1.0,4.0,13.6169,-7.16928,14.019
620000.0,1.0,5.0,12.697,-6.89853,14.3026
620000.0,1.0,6.0,12.5138,-5.95183,14.5676
620000.0,1.0,7.0,13.4337,-6.22258,14.284
620000.0,2.0,8.0,11.4835,-15.93,9.48941
620000.0,2.0,9.0,11.2745,-16.9027,9.38867
620000.0,2.0,10.0,11.3384,-17.3374,8.49038
620000.0,2.0,11.0,11.6113,-16.7994,7.69282
620000.0,2.0,12.0,11.8202,-15.8267,7.79355
620000.0,2.0,13.0,11.7563,-15.392,8.69185
620000.0,2.0,14.0,11.5474,-16.3647,8.59111
630000.0,1.0,1.0,13.1616,-5.21137,14.4581
630000.0,1.0,2.0,14.1007,-5.51357,14.295
630000.0,1.0,3.0,14.2986,-6.48581,14.1701
630000.0,1.0,4.0,13.5572,-7.15584,14.2082
630000.0,1.0,5.0,12.618,-6.85365,14.3713
630000.0,1.0,6.0,12.4202,-5.88141,14.4963
630000.0,1.0,7.0,13.3594,-6.18361,14.3332
630000.0,2.0,8.0,11.4345,-15.9392,9.39594
630000.0,2.0,9.0,11.2154,-16.9148,9.37953
630000.0,2.0,10.0,11.2601,-17.4228,8.51939
630000.0,2.0,11.0,11.5238,-16.9554,7.67565
630000.0,2.0,12.0,11.7429,-15.9798,7.69206
630000.0,2.0,13.0,11.6983,-15.4717,8.5522
630000.0,2.0,14.0,11.4792,-16.4473,8.5358
640000.0,1.0,1.0,13.0852,-5.16525,14.3636
640000.0,1.0,2.0,14.0325,-5.48314,14.3241
640000.0,1.0,3.0,14.2324,-6.46279,14.3427
640000.0,1.0,4.0,13.4849,-7.12455,14.4008
640000.0,1.0,5.0,12.5376,-6.80667,14.4403
640000.0,1.0,6.0,12.3377,-5.82702,14.4217
640000.0,1.0,7.0,13.285,-6.1449,14.3822
640000.0,2.0,8.0,11.3859,-15.9518,9.29643
640000.0,2.0,9.0,11.1583,-16.9232,9.36449
640000.0,2.0,10.0,11.1834,-17.501,8.54868
640000.0,2.0,11.0,11.4362,-17.1074,7.66483
640000.0,2.0,12.0,11.6638,-16.136,7.59678
640000.0,2.0,13.0,11.6386,-15.5582,8.41258
640000.0,2.0,14.0,11.411,-16.5296,8.48063
650000.0,1.0,1.0,13.0214,-5.13804,14.2688
650000.0,1.0,2.0,13.9658,-5.45563,14.353
650000.0,1.0,3.0,14.1551,-6.42405,14.5153
650000.0,1.0,4.0,13.3999,-7.07488,14.5933
650000.0,1.0,5.0,12.4554,-6.75729,14.5091
650000.0,1.0,6.0,12.2662,-5.78887,14.3468
650000.0,1.0,7.0,13.2106,-6.10646,14.4311
650000.0,2.0,8.0,11.3375,-15.9683,9.19122
650000.0,2.0,9.0,11.103,-16.9285,9.34324
650000.0,2.0,10.0,11.1084,-17.5718,8.57764
650000.0,2.0,11.0,11.3484,-17.2549,7.66002
650000.0,2.0,12.0,11.5829,-16.2948,7.508
650000.0,2.0,13.0,11.5774,-15.6515,8.27359
650000.0,2.0,14.0,11.3429,-16.6116,8.42562
660000.0,1.0,1.0,12.9697,-5.12981,14.1772
660000.0,1.0,2.0,13.9009,-5.43129,14.3823
660000.0,1.0,3.0,14.0674,-6.36978,14.6848
660000.0,1.0,4.0,13.3027,-7.00678,14.7823
660000.0,1.0,5.0,12.3715,-6.7053,14.5772
660000.0,1.0,6.0,12.205,-5.76682,14.2747
660000.0,1.0,7.0,13.1362,-6.0683,14.4798
660000.0,2.0,8.0,11.2892,-15.9892,9.08065
660000.0,2.0,9.0,11.0495,-16.9312,9.31555
660000.0,2.0,10.0,11.0352,-17.6354,8.60566
660000.0,2.0,11.0,11.2606,-17.3976,7.66087
660000.0,2.0,12.0,11.5003,-16.4556,7.42597
660000.0,2.0,13.0,11.5146,-15.7514,8.13586
660000.0,2.0,14.0,11.2749,-16.6934,8.37076
670000.0,1.0,1.0,12.9296,-5.14014,14.0925
670000.0,1.0,2.0,13.8376,-5.41027,14.4126
670000.0,1.0,3.0,13.9697,-6.30053,14.8485
670000.0,1.0,4.0,13.1938,-6.92067,14.9642
670000.0,1.0,5.0,12.2858,-6.65054,14.6441
670000.0,1.0,6.0,12.1536,-5.76028,14.2082
670000.0,1.0,7.0,13.0617,-6.03041,14.5283
670000.0,2.0,8.0,11.2408,-16.0149,8.96515
670000.0,2.0,9.0,10.9977,-16.932,9.28123
670000.0,2.0,10.0,10.9637,-17.6919,8.63214
670000.0,2.0,11.0,11.1729,-17.5348,7.66697
670000.0,2.0,12.0,11.4161,-16.6178,7.35089
670000.0,2.0,13.0,11.45,-15.8578,7.99998
670000.0,2.0,14.0,11.2069,-16.7749,8.31606
680000.0,1.0,1.0,12.8999,-5.16817,14.0178
680000.0,1.0,2.0,13.776,-5.39263,14.4445
680000.0,1.0,3.0,13.8632,-6.21725,15.0034
680000.0,1.0,4.0,13.0744,-6.81742,15.1356
680000.0,1.0,5.0,12.1983,-6.59296,14.7089
680000.0,1.0,6.0,12.1111,-5.76833,14.15
680000.0,1.0,7.0,12.9872,-5.99279,14.5767
680000.0,2.0,8.0,11.1923,-16.0458,8.84515
680000.0,2.0,9.0,10.9474,-16.9313,9.24013
680000.0,2.0,10.0,10.8941,-17.7416,8.6565
680000.0,2.0,11.0,11.0856,-17.6664,7.67789
680000.0,2.0,12.0,11.3305,-16.7809,7.28292
680000.0,2.0,13.0,11.3838,-15.9706,7.86655
680000.0,2.0,14.0,11.1389,-16.8561,8.26152
690000.0,1.0,1.0,12.8796,-5.21257,13.9564
690000.0,1.0,2.0,13.716,-5.37833,14.4788
690000.0,1.0,3.0,13.749,-6.12122,15.1474
690000.0,1.0,4.0,12.9455,-6.69836,15.2936
690000.0,1.0,5.0,12.1091,-6.5326,14.7711
690000.0,1.0,6.0,12.0761,-5.7897,14.1026
690000.0,1.0,7.0,12.9126,-5.95546,14.625
690000.0,2.0,8.0,11.1434,-16.0823,8.72113
690000.0,2.0,9.0,10.8986,-16.9298,9.19214
690000.0,2.0,10.0,10.8262,-17.7845,8.67816
690000.0,2.0,11.0,10.9987,-17.7918,7.69317
690000.0,2.0,12.0,11.2435,-16.9443,7.22216
690000.0,2.0,13.0,11.3158,-16.0896,7.73614
690000.0,2.0,14.0,11.071,-16.937,8.20715
700000.0,1.0,1.0,12.8671,-5.27162,13.9109
700000.0,1.0,2.0,13.6574,-5.36722,14.5161
700000.0,1.0,3.0,13.6283,-6.01401,15.2782
700000.0,1.0,4.0,12.8088,-6.56521,15.4351
700000.0,1.0,5.0,12.0184,-6.46962,14.83
700000.0,1.0,6.0,12.0476,-5.82282,14.0679
700000.0,1.0,7.0,12.8379,-5.91842,14.673
700000.0,2.0,8.0,11.094,-16.1246,8.59359
700000.0,2.0,9.0,10.851,-16.928,9.13722
700000.0,2.0,10.0,10.7602,-17.8211,8.69657
700000.0,2.0,11.0,10.9124,-17.9108,7.71229
700000.0,2.0,12.0,11.1553,-17.1074,7.16866
700000.0,2.0,13.0,11.2461,-16.2143,7.60931
700000.0,2.0,14.0,11.0032,-17.0177,8.15294
710000.0,1.0,1.0,12.8606,-5.34322,13.8839
710000.0,1.0,2.0,13.5999,-5.35902,14.5571
710000.0,1.0,3.0,13.5025,-5.89745,15.3941
710000.0,1.0,4.0,12.6658,-6.42009,15.558
710000.0,1.0,5.0,11.9266,-6.4043,14.8847
710000.0,1.0,6.0,12.0239,-5.86586,14.0477
710000.0,1.0,7.0,12.7632,-5.88166,14.7209
710000.0,2.0,8.0,11.044,-16.1731,8.46305
710000.0,2.0,9.0,10.8046,-16.9266,9.07538
710000.0,2.0,10.0,10.696,-17.8515,8.71123
710000.0,2.0,11.0,10.8267,-18.023,7.73475
710000.0,2.0,12.0,11.0661,-17.2695,7.12243
710000.0,2.0,13.0,11.1747,-16.3445,7.48658
710000.0,2.0,14.0,10.9354,-17.098,8.0989
720000.0,1.0,1.0,12.8584,-5.42494,13.8773
720000.0,1.0,2.0,13.5432,-5.35334,14.6025
720000.0,1.0,3.0,13.3733,-5.77359,15.4939
720000.0,1.0,4.0,12.5186,-6.26544,15.66
720000.0,1.0,5.0,11.8338,-6.33704,14.9348
720000.0,1.0,6.0,12.0037,-5.91679,14.0434
720000.0,1.0,7.0,12.6885,-5.84519,14.7687
720000.0,2.0,8.0,10.9933,-16.2279,8.33008
720000.0,2.0,9.0,10.7592,-16.9261,9.00666
720000.0,2.0,10.0,10.6336,-17.8763,8.72162
720000.0,2.0,11.0,10.7419,-18.1284,7.75999
720000.0,2.0,12.0,10.976,-17.4302,7.08341
720000.0,2.0,13.0,11.1016,-16.4799,7.36845
720000.0,2.0,14.0,10.8676,-17.1781,8.04503
730000.0,1.0,1.0,12.8584,-5.51408,13.8926
730000.0,1.0,2.0,13.4868,-5.34966,14.6529
730000.0,1.0,3.0,13.2421,-5.64459,15.5766
730000.0,1.0,4.0,12.369,-6.10395,15.7399
730000.0,1.0,5.0,11.7406,-6.26837,14.9795
730000.0,1.0,6.0,11.9853,-5.97344,14.0559
730000.0,1.0,7.0,12.6137,-5.80902,14.8162
730000.0,2.0,8.0,10.9417,-16.2892,8.19523
730000.0,2.0,9.0,10.7147,-16.9271,8.93117
730000.0,2.0,10.0,10.5728,-17.8957,8.72729
730000.0,2.0,11.0,10.6581,-18.2266,7.78745
730000.0,2.0,12.0,10.8851,-17.5887,7.05151
730000.0,2.0,13.0,11.0269,-16.6201,7.25539
730000.0,2.0,14.0,10.7999,-17.2579,7.99134
740000.0,1.0,1.0,12.8587,-5.60776,13.9306
740000.0,1.0,2.0,13.4303,-5.34736,14.7087
740000.0,1.0,3.0,13.1106,-5.51274,15.6416
740000.0,1.0,4.0,12.2191,-5.93852,15.7965
740000.0,1.0,5.0,11.6474,-6.19892,15.0185
740000.0,1.0,6.0,11.9672,-6.03354,14.0855
740000.0,1.0,7.0,12.5389,-5.77314,14.8636
740000.0,2.0,8.0,10.8892,-16.3572,8.05909
740000.0,2.0,9.0,10.6708,-16.9301,8.84908
740000.0,2.0,10.0,10.5138,-17.9103,8.72782
740000.0,2.0,11.0,10.5753,-18.3175,7.81656
740000.0,2.0,12.0,10.7937,-17.7446,7.02657
740000.0,2.0,13.0,10.9506,-16.7645,7.14783
740000.0,2.0,14.0,10.7322,-17.3374,7.93782
750000.0,1.0,1.0,12.857,-5.70295,13.9919
750000.0,1.0,2.0,13.3732,-5.34572,14.7702
750000.0,1.0,3.0,12.9803,-5.38033,15.6891
750000.0,1.0,4.0,12.071,-5.77217,15.8297
750000.0,1.0,5.0,11.5548,-6.1294,15.0513
750000.0,1.0,6.0,11.9477,-6.09479,14.1324
750000.0,1.0,7.0,12.464,-5.73756,14.9108
750000.0,2.0,8.0,10.8355,-16.432,7.92225
750000.0,2.0,9.0,10.6274,-16.9358,8.76058
750000.0,2.0,10.0,10.4564,-17.9204,8.72282
750000.0,2.0,11.0,10.4937,-18.4011,7.84672
750000.0,2.0,12.0,10.7018,-17.8973,7.0084
750000.0,2.0,13.0,10.8728,-16.9127,7.04616
750000.0,2.0,14.0,10.6646,-17.4166,7.88449
760000.0,1.0,1.0,12.8513,-5.7966,14.0761
760000.0,1.0,2.0,13.3149,-5.34394,14.8378
760000.0,1.0,3.0,12.8527,-5.24963,15.7195
760000.0,1.0,4.0,11.9269,-5.60797,15.8395
760000.0,1.0,5.0,11.4632,-6.06063,15.0779
760000.0,1.0,6.0,11.9255,-6.15494,14.1961
760000.0,1.0,7.0,12.3891,-5.70228,14.9578
760000.0,2.0,8.0,10.7807,-16.5135,7.78531
760000.0,2.0,9.0,10.5843,-16.9447,8.66593
760000.0,2.0,10.0,10.4006,-17.9266,8.71195
760000.0,2.0,11.0,10.4133,-18.4773,7.87735
760000.0,2.0,12.0,10.6098,-18.0461,6.99674
760000.0,2.0,13.0,10.7935,-17.0642,6.95072
760000.0,2.0,14.0,10.597,-17.4954,7.83133
770000.0,1.0,1.0,12.8397,-5.88566,14.1824
770000.0,1.0,2.0,13.2548,-5.34116,14.9113
770000.0,1.0,3.0,12.7292,-5.12282,15.7335
770000.0,1.0,4.0,11.7885,-5.44897,15.8269
770000.0,1.0,5.0,11.3734,-5.99347,15.098
770000.0,1.0,6.0,11.899,-6.21181,14.2758
770000.0,1.0,7.0,12.3141,-5.66731,15.0046
770000.0,2.0,8.0,10.7247,-16.6018,7.64888
770000.0,2.0,9.0,10.5413,-16.9572,8.56543
770000.0,2.0,10.0,10.3462,-17.9294,8.69491
770000.0,2.0,11.0,10.3344,-18.5462,7.90784
770000.0,2.0,12.0,10.5177,-18.1908,6.9913
770000.0,2.0,13.0,10.7128,-17.2186,6.86182
770000.0,2.0,14.0,10.5295,-17.574,7.77836
780000.0,1.0,1.0,12.8204,-5.96719,14.3095
780000.0,1.0,2.0,13.1923,-5.33648,14.9906
780000.0,1.0,3.0,12.611,-5.00194,15.7324
780000.0,1.0,4.0,11.6578,-5.29812,15.793
780000.0,1.0,5.0,11.2859,-5.92883,15.112
780000.0,1.0,6.0,11.8672,-6.26337,14.3702
780000.0,1.0,7.0,12.2391,-5.63265,15.0513
780000.0,2.0,8.0,10.6672,-16.6968,7.51356
780000.0,2.0,9.0,10.4983,-16.9739,8.45943
780000.0,2.0,10.0,10.2931,-17.9294,8.67145
780000.0,2.0,11.0,10.2568,-18.6077,7.9376
780000.0,2.0,12.0,10.4257,-18.3306,6.99173
780000.0,2.0,13.0,10.6309,-17.3751,6.77971
780000.0,2.0,14.0,10.462,-17.6523,7.72558
790000.0,1.0,1.0,12.7916,-6.03844,14.4555
790000.0,1.0,2.0,13.1268,-5.32899,15.0754
790000.0,1.0,3.0,12.4993,-4.88885,15.7176
790000.0,1.0,4.0,11.5365,-5.15817,15.74
790000.0,1.0,5.0,11.2012,-5.86762,15.1201
790000.0,1.0,6.0,11.8288,-6.30776,14.4778
790000.0,1.0,7.0,12.164,-5.5983,15.0977
790000.0,2.0,8.0,10.6083,-16.7983,7.37993
790000.0,2.0,9.0,10.4551,-16.9952,8.34831
790000.0,2.0,10.0,10.2414,-17.9271,8.64137
790000.0,2.0,11.0,10.1808,-18.6621,7.96604
790000.0,2.0,12.0,10.3341,-18.4652,6.99766
790000.0,2.0,13.0,10.5478,-17.5333,6.7046
790000.0,2.0,14.0,10.3946,-17.7302,7.67299
800000.0,1.0,1.0,12.752,-6.09691,14.618
800000.0,1.0,2.0,13.0578,-5.3178,15.1652
800000.0,1.0,3.0,12.3948,-4.78517,15.6912
800000.0,1.0,4.0,11.4259,-5.03163,15.67
800000.0,1.0,5.0,11.12,-5.81073,15.1228
800000.0,1.0,6.0,11.783,-6.34337,14.5968
800000.0,1.0,7.0,12.0889,-5.56427,15.144
800000.0,2.0,8.0,10.548,-16.9063,7.24859
800000.0,2.0,9.0,10.4115,-17.0214,8.23251
800000.0,2.0,10.0,10.1907,-17.923,8.60451
800000.0,2.0,11.0,10.1064,-18.7094,7.99258
800000.0,2.0,12.0,10.2429,-18.5943,7.00866
800000.0,2.0,13.0,10.4637,-17.6927,6.63666
800000.0,2.0,14.0,10.3272,-17.8079,7.62058
810000.0,1.0,1.0,12.7003,-6.14039,14.7941
810000.0,1.0,2.0,12.9849,-5.30208,15.2592
810000.0,1.0,3.0,12.2983,-4.69224,15.6551
810000.0,1.0,4.0,11.3272,-4.92071,15.586
810000.0,1.0,5.0,11.0427,-5.75902,15.1209
810000.0,1.0,6.0,11.7292,-6.36886,14.725
810000.0,1.0,7.0,12.0138,-5.53055,15.1901
810000.0,2.0,8.0,10.4861,-17.0204,7.1201
810000.0,2.0,9.0,10.3674,-17.0531,8.11249
810000.0,2.0,10.0,10.1411,-17.9179,8.56077
810000.0,2.0,11.0,10.0336,-18.75,8.01665
810000.0,2.0,12.0,10.1523,-18.7173,7.02427
810000.0,2.0,13.0,10.3786,-17.8525,6.57599
810000.0,2.0,14.0,10.2599,-17.8852,7.56838
820000.0,1.0,1.0,12.6358,-6.16708,14.9808
820000.0,1.0,2.0,12.9075,-5.28106,15.3565
820000.0,1.0,3.0,12.2102,-4.61113,15.6116
820000.0,1.0,4.0,11.2413,-4.82723,15.491
820000.0,1.0,5.0,10.9697,-5.71325,15.1153
820000.0,1.0,6.0,11.6669,-6.38317,14.8602
820000.0,1.0,7.0,11.9386,-5.49715,15.2359
820000.0,2.0,8.0,10.4226,-17.1404,6.99503
820000.0,2.0,9.0,10.3225,-17.0904,7.98875
820000.0,2.0,10.0,10.0924,-17.9122,8.51009
820000.0,2.0,11.0,9.96252,-18.7839,8.03771
820000.0,2.0,12.0,10.0626,-18.8339,7.044
820000.0,2.0,13.0,10.2927,-18.0122,6.52265
820000.0,2.0,14.0,10.1926,-17.9622,7.51637
830000.0,1.0,1.0,12.5578,-6.17557,15.1745
830000.0,1.0,2.0,12.8253,-5.25407,15.4561
830000.0,1.0,3.0,12.1308,-4.54258,15.5632
830000.0,1.0,4.0,11.1688,-4.75259,15.3887
830000.0,1.0,5.0,10.9013,-5.67409,15.1071
830000.0,1.0,6.0,11.5958,-6.38557,15.0
830000.0,1.0,7.0,11.8633,-5.46408,15.2816
830000.0,2.0,8.0,10.3575,-17.2661,6.87389
830000.0,2.0,9.0,10.2767,-17.1337,7.8618
830000.0,2.0,10.0,10.0445,-17.9065,8.45246
830000.0,2.0,11.0,9.89311,-18.8116,8.05523
830000.0,2.0,12.0,9.97393,-18.944,7.06733
830000.0,2.0,13.0,10.2061,-18.1712,6.47666
830000.0,2.0,14.0,10.1253,-18.0388,7.46456
840000.0,1.0,1.0,12.4662,-6.16491,15.3716
840000.0,1.0,2.0,12.7382,-5.2206,15.5567
840000.0,1.0,3.0,12.0601,-4.48702,15.5121
840000.0,1.0,4.0,11.1099,-4.69775,15.2825
840000.0,1.0,5.0,10.8378,-5.64206,15.0974
840000.0,1.0,6.0,11.516,-6.37564,15.142
840000.0,1.0,7.0,11.788,-5.43133,15.3271
840000.0,2.0,8.0,10.2908,-17.397,6.75721
840000.0,2.0,9.0,10.2299,-17.1832,7.73219
840000.0,2.0,10.0,9.99717,-17.9014,8.38794
840000.0,2.0,11.0,9.82542,-18.8334,8.06871
840000.0,2.0,12.0,9.88635,-19.0472,7.09372
840000.0,2.0,13.0,10.119,-18.329,6.43797
840000.0,2.0,14.0,10.0581,-18.1152,7.41296
850000.0,1.0,1.0,12.361,-6.13466,15.5683
850000.0,1.0,2.0,12.6461,-5.18027,15.657
850000.0,1.0,3.0,11.9978,-4.44452,15.461
850000.0,1.0,4.0,11.0644,-4.66316,15.1763
850000.0,1.0,5.0,10.7793,-5.61755,15.0877
850000.0,1.0,6.0,11.4276,-6.3533,15.2837
850000.0,1.0,7.0,11.7127,-5.39891,15.3723
850000.0,2.0,8.0,10.2224,-17.5327,6.64544
850000.0,2.0,9.0,10.1818,-17.2391,7.60051
850000.0,2.0,10.0,9.95034,-17.8976,8.31662
850000.0,2.0,11.0,9.75946,-18.8497,8.07767
850000.0,2.0,12.0,9.80007,-19.1433,7.12261
850000.0,2.0,13.0,10.0315,-18.4848,6.40649
850000.0,2.0,14.0,9.99094,-18.1912,7.36156
860000.0,1.0,1.0,12.2427,-6.08485,15.7609
860000.0,1.0,2.0,12.5489,-5.13289,15.7555
860000.0,1.0,3.0,11.9435,-4.41487,15.412
860000.0,1.0,4.0,11.032,-4.64879,15.0739
860000.0,1.0,5.0,10.7258,-5.60075,15.0792
860000.0,1.0,6.0,11.3311,-6.31877,15.4227
860000.0,1.0,7.0,11.6373,-5.36682,15.4174
860000.0,2.0,8.0,10.1524,-17.6729,6.53904
860000.0,2.0,9.0,10.1324,-17.3016,7.46732
860000.0,2.0,10.0,9.90384,-17.8956,8.23864
860000.0,2.0,11.0,9.69522,-18.8609,8.08169
860000.0,2.0,12.0,9.7152,-19.2322,7.15341
860000.0,2.0,13.0,9.94381,-18.6383,6.38209
860000.0,2.0,14.0,9.92382,-18.2669,7.31036
870000.0,1.0,1.0,12.112,-6.01601,15.9456
870000.0,1.0,2.0,12.4468,-5.07847,15.8509
870000.0,1.0,3.0,11.8967,-4.39753,15.3675
870000.0,1.0,4.0,11.0117,-4.65413,14.9788
870000.0,1.0,5.0,10.677,-5.59166,15.0735
870000.0,1.0,6.0,11.2271,-6.2726,15.5569
870000.0,1.0,7.0,11.5619,-5.33507,15.4622
870000.0,2.0,8.0,10.0808,-17.8171,6.43841
870000.0,2.0,9.0,10.0816,-17.3707,7.33323
870000.0,2.0,10.0,9.85753,-17.8958,8.1542
870000.0,2.0,11.0,9.63267,-18.8674,8.08035
870000.0,2.0,12.0,9.63189,-19.3139,7.18553
870000.0,2.0,13.0,9.85597,-18.7887,6.36456
870000.0,2.0,14.0,9.85675,-18.3423,7.25938
880000.0,1.0,1.0,11.9702,-5.92916,16.119
880000.0,1.0,2.0,12.3402,-5.0172,15.9417
880000.0,1.0,3.0,11.8564,-4.39169,15.3295
880000.0,1.0,4.0,11.0027,-4.67814,14.8947
880000.0,1.0,5.0,10.6327,-5.5901,15.072
880000.0,1.0,6.0,11.1164,-6.21561,15.6842
880000.0,1.0,7.0,11.4864,-5.30365,15.5068
880000.0,2.0,8.0,10.0077,-17.9647,6.34391
880000.0,2.0,9.0,10.0292,-17.4464,7.19884
880000.0,2.0,10.0,9.81126,-17.899,8.06354
880000.0,2.0,11.0,9.57178,-18.8698,8.07331
880000.0,2.0,12.0,9.55024,-19.3881,7.21838
880000.0,2.0,13.0,9.76818,-18.9356,6.35369
880000.0,2.0,14.0,9.78972,-18.4173,7.20861
890000.0,1.0,1.0,11.8185,-5.82579,16.2778
890000.0,1.0,2.0,12.2294,-4.94951,16.0263
890000.0,1.0,3.0,11.8219,-4.39629,15.2998
890000.0,1.0,4.0,11.0034,-4.71935,14.8247
890000.0,1.0,5.0,10.5924,-5.59564,15.0762
890000.0,1.0,6.0,11.0,-6.14886,15.8027
890000.0,1.0,7.0,11.4109,-5.27257,15.5513
890000.0,2.0,8.0,9.93296,-18.1153,6.25587
890000.0,2.0,9.0,9.9751,-17.5288,7.06475
890000.0,2.0,10.0,9.76488,-17.9055,7.96694
890000.0,2.0,11.0,9.51252,-18.8686,8.06024
890000.0,2.0,12.0,9.47037,-19.4551,7.25136
890000.0,2.0,13.0,9.68059,-19.0784,6.34918
890000.0,2.0,14.0,9.72274,-18.492,7.15806
900000.0,1.0,1.0,11.6585,-5.7078,16.4192
900000.0,1.0,2.0,12.1151,-4.876,16.1036
900000.0,1.0,3.0,11.792,-4.41004,15.2799
900000.0,1.0,4.0,11.0122,-4.77587,14.7718
900000.0,1.0,5.0,10.5556,-5.60767,15.0874
900000.0,1.0,6.0,10.8787,-6.07364,15.9111
900000.0,1.0,7.0,11.3354,-5.24184,15.5955
900000.0,2.0,8.0,9.85678,-18.2683,6.17457
900000.0,2.0,9.0,9.91923,-17.6178,6.93158
900000.0,2.0,10.0,9.71825,-17.9159,7.86473
900000.0,2.0,11.0,9.45482,-18.8643,8.04087
900000.0,2.0,12.0,9.39236,-19.5148,7.28386
900000.0,2.0,13.0,9.59334,-19.2167,6.35071
900000.0,2.0,14.0,9.6558,-18.5663,7.10772
910000.0,1.0,1.0,11.4921,-5.57748,16.5406
910000.0,1.0,2.0,11.9979,-4.79751,16.1721
910000.0,1.0,3.0,11.7656,-4.43148,15.271
910000.0,1.0,4.0,11.0274,-4.84541,14.7383
910000.0,1.0,5.0,10.5216,-5.62538,15.1068
910000.0,1.0,6.0,10.7539,-5.99142,16.0079
910000.0,1.0,7.0,11.2598,-5.21145,15.6394
910000.0,2.0,8.0,9.77919,-18.423,6.10022
910000.0,2.0,9.0,9.86151,-17.7133,6.7999
910000.0,2.0,10.0,9.67122,-17.9306,7.75728
910000.0,2.0,11.0,9.39861,-18.8576,8.01498
910000.0,2.0,12.0,9.31629,-19.5673,7.3153
910000.0,2.0,13.0,9.50658,-19.35,6.35792
910000.0,2.0,14.0,9.5889,-18.6403,7.0576
920000.0,1.0,1.0,11.3213,-5.43744,16.6401
920000.0,1.0,2.0,11.8787,-4.71505,16.2309
920000.0,1.0,3.0,11.7416,-4.45902,15.2741
920000.0,1.0,4.0,11.047,-4.92537,14.7263
920000.0,1.0,5.0,10.4895,-5.64776,15.1354
920000.0,1.0,6.0,10.6267,-5.90379,16.0923
920000.0,1.0,7.0,11.1841,-5.18141,15.6832
920000.0,2.0,8.0,9.70027,-18.579,6.03301
920000.0,2.0,9.0,9.80186,-17.8151,6.67032
920000.0,2.0,10.0,9.62364,-17.9501,7.64502
920000.0,2.0,11.0,9.34382,-18.8489,7.9824
920000.0,2.0,12.0,9.24223,-19.6128,7.34509
920000.0,2.0,13.0,9.42045,-19.4778,6.37039
920000.0,2.0,14.0,9.52204,-18.7139,7.00771
930000.0,1.0,1.0,11.1481,-5.29053,16.7162
930000.0,1.0,2.0,11.7584,-4.6298,16.2792
930000.0,1.0,3.0,11.7187,-4.49098,15.2896
930000.0,1.0,4.0,11.0687,-5.0129,14.7372
930000.0,1.0,5.0,10.4585,-5.67363,15.1743
930000.0,1.0,6.0,10.4982,-5.81245,16.1638
930000.0,1.0,7.0,11.1084,-5.15172,15.7267
930000.0,2.0,8.0,9.6201,-18.7356,5.97307
930000.0,2.0,9.0,9.74024,-17.923,6.54341
930000.0,2.0,10.0,9.57537,-17.9746,7.52837
930000.0,2.0,11.0,9.29036,-18.8389,7.943
930000.0,2.0,12.0,9.17022,-19.6514,7.37266
930000.0,2.0,13.0,9.33509,-19.5998,6.3877
930000.0,2.0,14.0,9.45523,-18.7872,6.95803
940000.0,1.0,1.0,10.9748,-5.13981,16.7682
940000.0,1.0,2.0,11.6378,-4.54308,16.3162
940000.0,1.0,3.0,11.6957,-4.52564,15.318
940000.0,1.0,4.0,11.0906,-5.10494,14.7719
940000.0,1.0,5.0,10.4276,-5.70168,15.2239
940000.0,1.0,6.0,10.3697,-5.71911,16.2221
940000.0,1.0,7.0,11.0327,-5.12238,15.77
940000.0,2.0,8.0,9.53879,-18.8922,5.92047
940000.0,2.0,9.0,9.67662,-18.0368,6.41971
940000.0,2.0,10.0,9.52629,-18.0047,7.40783
940000.0,2.0,11.0,9.23814,-18.8281,7.89671
940000.0,2.0,12.0,9.10031,-19.6835,7.39747
940000.0,2.0,13.0,9.25064,-19.7156,6.40935
940000.0,2.0,14.0,9.38847,-18.8602,6.90859
950000.0,1.0,1.0,10.8035,-4.98843,16.7957
950000.0,1.0,2.0,11.5181,-4.45633,16.3415
950000.0,1.0,3.0,11.6715,-4.56129,15.359
950000.0,1.0,4.0,11.1104,-5.19836,14.8305
950000.0,1.0,5.0,10.3958,-5.73046,15.2847
950000.0,1.0,6.0,10.2424,-5.6255,16.2672
950000.0,1.0,7.0,10.9569,-5.0934,15.8131
950000.0,2.0,8.0,9.45644,-19.0482,5.87524
950000.0,2.0,9.0,9.61097,-18.1561,6.29977
950000.0,2.0,10.0,9.47627,-18.0406,7.2839
950000.0,2.0,11.0,9.18704,-18.8173,7.84351
950000.0,2.0,12.0,9.03251,-19.7094,7.41899
950000.0,2.0,13.0,9.16721,-19.8249,6.43485
950000.0,2.0,14.0,9.32174,-18.9327,6.85938
960000.0,1.0,1.0,10.6363,-4.83957,16.799
960000.0,1.0,2.0,11.4003,-4.37106,16.3552
960000.0,1.0,3.0,11.645,-4.59626,15.4122
960000.0,1.0,4.0,11.1259,-5.28997,14.9129
960000.0,1.0,5.0,10.362,-5.75848,15.3567
960000.0,1.0,6.0,10.1172,-5.53329,16.2997
960000.0,1.0,7.0,10.8811,-5.06477,15.8559
960000.0,2.0,8.0,9.37316,-19.203,5.83735
960000.0,2.0,9.0,9.54328,-18.2806,6.18408
960000.0,2.0,10.0,9.42518,-18.0826,7.15713
960000.0,2.0,11.0,9.13695,-18.8069,7.78344
960000.0,2.0,12.0,8.96683,-19.7293,7.43671
960000.0,2.0,13.0,9.08494,-19.9274,6.46366
960000.0,2.0,14.0,9.25506,-19.005,6.8104
970000.0,1.0,1.0,10.4753,-4.69637,16.7791
970000.0,1.0,2.0,11.2853,-4.28884,16.3574
970000.0,1.0,3.0,11.6153,-4.62898,15.4768
970000.0,1.0,4.0,11.1352,-5.37666,15.018
970000.0,1.0,5.0,10.3252,-5.78419,15.4397
970000.0,1.0,6.0,9.99529,-5.44404,16.3203
970000.0,1.0,7.0,10.8053,-5.03651,15.8986
970000.0,2.0,8.0,9.28908,-19.3561,5.80671
970000.0,2.0,9.0,9.47356,-18.41,6.07314
970000.0,2.0,10.0,9.3729,-18.1308,7.02808
970000.0,2.0,11.0,9.08775,-18.7976,7.71659
970000.0,2.0,12.0,8.90327,-19.7437,7.45016
970000.0,2.0,13.0,9.00393,-20.0229,6.49522
970000.0,2.0,14.0,9.18841,-19.0768,6.76165
980000.0,1.0,1.0,10.3223,-4.56181,16.7376
980000.0,1.0,2.0,11.1742,-4.21121,16.3487
980000.0,1.0,3.0,11.5813,-4.65801,15.552
980000.0,1.0,4.0,11.1365,-5.45541,15.1443
980000.0,1.0,5.0,10.2845,-5.80602,15.5332
980000.0,1.0,6.0,9.87742,-5.35922,16.3298
980000.0,1.0,7.0,10.7294,-5.00861,15.9409
980000.0,2.0,8.0,9.20431,-19.5067,5.7832
980000.0,2.0,9.0,9.40184,-18.5438,5.96738
980000.0,2.0,10.0,9.31934,-18.1855,6.89732
980000.0,2.0,11.0,9.03932,-18.79,7.64308
980000.0,2.0,12.0,8.84179,-19.7528,7.4589
980000.0,2.0,13.0,8.92429,-20.1112,6.52896
980000.0,2.0,14.0,9.12182,-19.1483,6.71314
990000.0,1.0,1.0,10.1789,-4.43871,16.6763
990000.0,1.0,2.0,11.068,-4.13968,16.3297
990000.0,1.0,3.0,11.5425,-4.68206,15.6365
990000.0,1.0,4.0,11.128,-5.52346,15.2898
990000.0,1.0,5.0,10.2389,-5.82248,15.6364
990000.0,1.0,6.0,9.76436,-5.28011,16.3296
990000.0,1.0,7.0,10.6534,-4.98108,15.9831
990000.0,2.0,8.0,9.119,-19.6543,5.76662
990000.0,2.0,9.0,9.32814,-18.6816,5.86721
990000.0,2.0,10.0,9.2644,-18.2468,6.76546
990000.0,2.0,11.0,8.99152,-18.7846,7.56311
990000.0,2.0,12.0,8.78237,-19.7573,7.46252
990000.0,2.0,13.0,8.84611,-20.1922,6.56428
990000.0,2.0,14.0,9.05526,-19.2195,6.66487
